chroma, ghcr.io/ocicl/chroma@sha256:4f3d203f9c495eddb68d1e5a01d279adb47d599bc191672eb910bb18fe728518, cl-chroma-20240328-de381e7/chroma.asd
quri, ghcr.io/ocicl/quri@sha256:3d3c62bb4e3da80c7d9c6829010e0f4a223ab3fe13b31dd1821b352f04d24909, quri-0.7.0/quri.asd
quri-test, ghcr.io/ocicl/quri@sha256:3d3c62bb4e3da80c7d9c6829010e0f4a223ab3fe13b31dd1821b352f04d24909, quri-0.7.0/quri-test.asd
babel, ghcr.io/ocicl/babel@sha256:beda9fd8bec204f077596f8d91b819dba31444dfec7a670575ca6055a9dbfabb, babel-20240222-5580484/babel.asd
babel-tests, ghcr.io/ocicl/babel@sha256:beda9fd8bec204f077596f8d91b819dba31444dfec7a670575ca6055a9dbfabb, babel-20240222-5580484/babel-tests.asd
babel-streams, ghcr.io/ocicl/babel@sha256:beda9fd8bec204f077596f8d91b819dba31444dfec7a670575ca6055a9dbfabb, babel-20240222-5580484/babel-streams.asd
trivial-features, ghcr.io/ocicl/trivial-features@sha256:9da86d54aeabcaeb43e69e0a1d6d04c42d9446f2094c8752d89d4ca6ba1b7cbd, trivial-features-1.0/trivial-features.asd
trivial-features-tests, ghcr.io/ocicl/trivial-features@sha256:9da86d54aeabcaeb43e69e0a1d6d04c42d9446f2094c8752d89d4ca6ba1b7cbd, trivial-features-1.0/trivial-features-tests.asd
alexandria, ghcr.io/ocicl/iterate@sha256:b605c6d0144892db02c4fc50094b4f854813b0daac54c840f15ba0e921283851, iterate-20231229-26cf129/ext/alexandria/alexandria.asd
split-sequence, ghcr.io/ocicl/split-sequence@sha256:e3883aa62ed7def931505d24f3cde4ab47d4a715cebf32de90615b8dad292bac, split-sequence-2.0.1/split-sequence.asd
cl-utilities, ghcr.io/ocicl/cl-utilities@sha256:e3f78ec41bc5024050c11772fcfb6b773eade4c002b9260a7d16a76d098cea42, cl-utilities-20230809-6b4de39/cl-utilities.asd
str.test, ghcr.io/ocicl/str@sha256:75d3bfbcab2af8326ce887815077813ee8a24b7c330dbddf3059f0b3ceaf88da, cl-str-20240223-fbf3407/str.test.asd
str, ghcr.io/ocicl/str@sha256:75d3bfbcab2af8326ce887815077813ee8a24b7c330dbddf3059f0b3ceaf88da, cl-str-20240223-fbf3407/str.asd
cl-ppcre, ghcr.io/ocicl/cl-ppcre@sha256:8042e7730ed475808e237fcfe34d8e2a5f9f192555922cb819f08969e9ab76c2, cl-ppcre-20230813-93bd7cf/cl-ppcre.asd
cl-ppcre-unicode, ghcr.io/ocicl/cl-ppcre@sha256:8042e7730ed475808e237fcfe34d8e2a5f9f192555922cb819f08969e9ab76c2, cl-ppcre-20230813-93bd7cf/cl-ppcre-unicode.asd
cl-unicode, ghcr.io/ocicl/cl-unicode@sha256:719754d063cb0e3c8ec2119713bfca0aa1d359e82eefaebd5d2c7ae48904e0e5, cl-unicode-20231118-07e7ff5/cl-unicode.asd
flexi-streams, ghcr.io/ocicl/flexi-streams@sha256:2eb7271c30799a51bb3720ca37ee358764522255d66aabcc1a3012becfab1dbc, flexi-streams-20230809-74a1027/flexi-streams.asd
flexi-streams-test, ghcr.io/ocicl/flexi-streams@sha256:2eb7271c30799a51bb3720ca37ee358764522255d66aabcc1a3012becfab1dbc, flexi-streams-20230809-74a1027/flexi-streams-test.asd
trivial-gray-streams, ghcr.io/ocicl/trivial-gray-streams@sha256:e732a802d3207ac012d4ffdcf18f3a2bcbf2e625c00b6a90ca5ea861c858bb32, trivial-gray-streams-20240217-a7ead68/trivial-gray-streams.asd
trivial-gray-streams-test, ghcr.io/ocicl/trivial-gray-streams@sha256:e732a802d3207ac012d4ffdcf18f3a2bcbf2e625c00b6a90ca5ea861c858bb32, trivial-gray-streams-20240217-a7ead68/trivial-gray-streams-test.asd
cl-change-case, ghcr.io/ocicl/cl-change-case@sha256:67069ab13c96a36125bca952e62a27f5aba36cf8cc696d7ae71e715643b23b9f, cl-change-case-0.2.1/cl-change-case.asd
com.inuoe.jzon-tests, ghcr.io/ocicl/com.inuoe.jzon@sha256:ac408dc39483310ccba296292a8ae91133ba3749feb6965ed6655306c1c77492, jzon-20240327-a4dc6a0/test/com.inuoe.jzon-tests.asd
com.inuoe.jzon, ghcr.io/ocicl/com.inuoe.jzon@sha256:ac408dc39483310ccba296292a8ae91133ba3749feb6965ed6655306c1c77492, jzon-20240327-a4dc6a0/src/com.inuoe.jzon.asd
closer-mop, ghcr.io/ocicl/closer-mop@sha256:37e4c96fbe43ed3031a048a1d779b0d76ae5729ae438dbfd691ceeadc03e4e67, closer-mop-20240307-efef614/closer-mop.asd
float-features, ghcr.io/ocicl/float-features@sha256:cd563aa23b2732823329226d47584635ce21918c0be9a5bd8ac134a5cee16ff4, float-features-20231130-9311f87/float-features.asd
float-features-tests, ghcr.io/ocicl/float-features@sha256:cd563aa23b2732823329226d47584635ce21918c0be9a5bd8ac134a5cee16ff4, float-features-20231130-9311f87/float-features-tests.asd
multilang-documentation-utils, ghcr.io/ocicl/documentation-utils@sha256:b2a1b3f3bcd1a738af85ae2b0168d408c177661eab6d6bbebb254e394d983f54, documentation-utils-20230511-98630dd/multilang-documentation-utils.asd
documentation-utils, ghcr.io/ocicl/documentation-utils@sha256:b2a1b3f3bcd1a738af85ae2b0168d408c177661eab6d6bbebb254e394d983f54, documentation-utils-20230511-98630dd/documentation-utils.asd
trivial-indent, ghcr.io/ocicl/trivial-indent@sha256:6fe5b8470816a715113c0f123d41d52fc2782309fd5fc33a494dd887c6c677ce, trivial-indent-20230809-b5d490f/trivial-indent.asd
dexador, ghcr.io/ocicl/dexador@sha256:3760c15c658fc14bca0932653ae78b6957bdd6b95a85efc1cf4170ff09cb7edb, dexador-20240323-b658412/dexador.asd
dexador-test, ghcr.io/ocicl/dexador@sha256:3760c15c658fc14bca0932653ae78b6957bdd6b95a85efc1cf4170ff09cb7edb, dexador-20240323-b658412/dexador-test.asd
fast-http, ghcr.io/ocicl/fast-http@sha256:1f2532bd45c68ed5ff7e7f2876c59c823aeff31044826b055a46ffa18752cdc6, fast-http-20231128-2232fc9/fast-http.asd
fast-http-test, ghcr.io/ocicl/fast-http@sha256:1f2532bd45c68ed5ff7e7f2876c59c823aeff31044826b055a46ffa18752cdc6, fast-http-20231128-2232fc9/fast-http-test.asd
proc-parse, ghcr.io/ocicl/proc-parse@sha256:19dad8a437f8885b91a5939aef5ea691aa19225eaf3ad4616e58d3898dd12a5d, proc-parse-20230808-3afe2b7/proc-parse.asd
proc-parse-test, ghcr.io/ocicl/proc-parse@sha256:19dad8a437f8885b91a5939aef5ea691aa19225eaf3ad4616e58d3898dd12a5d, proc-parse-20230808-3afe2b7/proc-parse-test.asd
xsubseq, ghcr.io/ocicl/xsubseq@sha256:bd2fd7822275156ad788c6e3d67b519f69b85fcc800fe5798184281cd127e45a, xsubseq-20230808-5ce430b/xsubseq.asd
xsubseq-test, ghcr.io/ocicl/xsubseq@sha256:bd2fd7822275156ad788c6e3d67b519f69b85fcc800fe5798184281cd127e45a, xsubseq-20230808-5ce430b/xsubseq-test.asd
smart-buffer, ghcr.io/ocicl/smart-buffer@sha256:0a6e068b34b9be33f3a3c996cf31453ac68acd82b7deff7c4827e8fc6b4cd18d, smart-buffer-20230808-619759d/smart-buffer.asd
smart-buffer-test, ghcr.io/ocicl/smart-buffer@sha256:0a6e068b34b9be33f3a3c996cf31453ac68acd82b7deff7c4827e8fc6b4cd18d, smart-buffer-20230808-619759d/smart-buffer-test.asd
fast-io, ghcr.io/ocicl/fast-io@sha256:d5907b55d2d46cfe6a811e560faf487b6cdf150c0074fe3557438a2143744998, fast-io-20230808-a4c5ad6/fast-io.asd
fast-io-test, ghcr.io/ocicl/fast-io@sha256:d5907b55d2d46cfe6a811e560faf487b6cdf150c0074fe3557438a2143744998, fast-io-20230808-a4c5ad6/fast-io-test.asd
static-vectors, ghcr.io/ocicl/static-vectors@sha256:54e113712b9f3ca0c5809b6769812bfda1a59cc3094575385856a17c5c2eb246, static-vectors-20230808-87a447a/static-vectors.asd
uffi, ghcr.io/ocicl/cffi@sha256:b6f93e6cfd73fb3e9dd33474fb81760a5fe3617cc32cff8811d8a3e3769a360d, cffi-20240308-621cb9d/uffi-compat/uffi.asd
cffi, ghcr.io/ocicl/cffi@sha256:b6f93e6cfd73fb3e9dd33474fb81760a5fe3617cc32cff8811d8a3e3769a360d, cffi-20240308-621cb9d/cffi.asd
cffi-uffi-compat, ghcr.io/ocicl/cffi@sha256:b6f93e6cfd73fb3e9dd33474fb81760a5fe3617cc32cff8811d8a3e3769a360d, cffi-20240308-621cb9d/cffi-uffi-compat.asd
cffi-toolchain, ghcr.io/ocicl/cffi@sha256:b6f93e6cfd73fb3e9dd33474fb81760a5fe3617cc32cff8811d8a3e3769a360d, cffi-20240308-621cb9d/cffi-toolchain.asd
cffi-tests, ghcr.io/ocicl/cffi@sha256:b6f93e6cfd73fb3e9dd33474fb81760a5fe3617cc32cff8811d8a3e3769a360d, cffi-20240308-621cb9d/cffi-tests.asd
cffi-libffi, ghcr.io/ocicl/cffi@sha256:b6f93e6cfd73fb3e9dd33474fb81760a5fe3617cc32cff8811d8a3e3769a360d, cffi-20240308-621cb9d/cffi-libffi.asd
cffi-grovel, ghcr.io/ocicl/cffi@sha256:b6f93e6cfd73fb3e9dd33474fb81760a5fe3617cc32cff8811d8a3e3769a360d, cffi-20240308-621cb9d/cffi-grovel.asd
cffi-examples, ghcr.io/ocicl/cffi@sha256:b6f93e6cfd73fb3e9dd33474fb81760a5fe3617cc32cff8811d8a3e3769a360d, cffi-20240308-621cb9d/cffi-examples.asd
trivial-garbage, ghcr.io/ocicl/trivial-garbage@sha256:fdcc5b6acd3eacb1e9ee305685b72ea270435cf363ea7a9cb1cc3d86a3534ed7, trivial-garbage-20231020-3474f64/trivial-garbage.asd
chunga, ghcr.io/ocicl/chunga@sha256:5f99909890ba5bf2a725e6de75baab3fff3750d4bf2818f9f0b46c4eeed98703, chunga-20231001-fab9bd3/chunga.asd
cl-cookie, ghcr.io/ocicl/cl-cookie@sha256:56dd93e9cf276e0422e688ede4d04a4410c419af156dd76adf08bd8e76d2a619, cl-cookie-20230808-e6babbf/cl-cookie.asd
cl-cookie-test, ghcr.io/ocicl/cl-cookie@sha256:56dd93e9cf276e0422e688ede4d04a4410c419af156dd76adf08bd8e76d2a619, cl-cookie-20230808-e6babbf/cl-cookie-test.asd
local-time, ghcr.io/ocicl/local-time@sha256:3b0f202b13e4765349fe6a97609dc769c8420aff11158129cc00b66beaabf16b, local-time-20230927-88867f8/local-time.asd
cl-postgres+local-time, ghcr.io/ocicl/local-time@sha256:3b0f202b13e4765349fe6a97609dc769c8420aff11158129cc00b66beaabf16b, local-time-20230927-88867f8/cl-postgres+local-time.asd
trivial-mimes, ghcr.io/ocicl/trivial-mimes@sha256:5b7f32f90f94fb73cde2e7d1f2a941fe5ee1a3d22b316e6837303e6efe07a28a, trivial-mimes-20230808-1a80193/trivial-mimes.asd
chipz, ghcr.io/ocicl/chipz@sha256:be8df32dc47fae1a35c38398d76539140c79fda8d4b793cb2d03180871b020c7, chipz-20230809-6f80368/chipz.asd
cl-base64, ghcr.io/ocicl/cl-base64@sha256:a88846138b190a3a4a7082e44f360236faccb9f545cd38b7b12ae07eae292e3d, cl-base64-20230809-80496b7/cl-base64.asd
cl-base64-tests, ghcr.io/ocicl/cl-base64@sha256:a88846138b190a3a4a7082e44f360236faccb9f545cd38b7b12ae07eae292e3d, cl-base64-20230809-80496b7/cl-base64-tests.asd
usocket, ghcr.io/ocicl/usocket@sha256:e8f5862adc7ac2a5e9d25cf01e63cdffde2a1c553379d91aa2ad3dad0ad3c491, usocket-0.8.6/usocket.asd
usocket-test, ghcr.io/ocicl/usocket@sha256:e8f5862adc7ac2a5e9d25cf01e63cdffde2a1c553379d91aa2ad3dad0ad3c491, usocket-0.8.6/usocket-test.asd
usocket-server, ghcr.io/ocicl/usocket@sha256:e8f5862adc7ac2a5e9d25cf01e63cdffde2a1c553379d91aa2ad3dad0ad3c491, usocket-0.8.6/usocket-server.asd
cl+ssl.test, ghcr.io/ocicl/cl_plus_ssl@sha256:28052d1112e5d42d38ea01cda70cfa122bc361dedd720d8fdb5cd409e0e41459, cl-plus-ssl-20230809-17d5cdd/cl+ssl.test.asd
cl+ssl, ghcr.io/ocicl/cl_plus_ssl@sha256:28052d1112e5d42d38ea01cda70cfa122bc361dedd720d8fdb5cd409e0e41459, cl-plus-ssl-20230809-17d5cdd/cl+ssl.asd
bordeaux-threads, ghcr.io/ocicl/bordeaux-threads@sha256:9df017ccbb783949cdaea6c7849d678105e041b784d0fc738220873739c3bfe5, bordeaux-threads-0.9.1/bordeaux-threads.asd
global-vars, ghcr.io/ocicl/global-vars@sha256:22937c8bd0f635855c2c044b0ae0ab3b438ba5e858192dae462807148547d99a, global-vars-20230809-c749f32/global-vars.asd
global-vars-test, ghcr.io/ocicl/global-vars@sha256:22937c8bd0f635855c2c044b0ae0ab3b438ba5e858192dae462807148547d99a, global-vars-20230809-c749f32/global-vars-test.asd
openapi-generator, ghcr.io/ocicl/openapi-generator@sha256:1c0776e0b66d112edb5a7910b21e8f68c74cf602d0969eb7353345d2e01de663, openapi-generator-20240327-a0ef95c/openapi-generator.asd
cl-hash-util, ghcr.io/ocicl/cl-hash-util@sha256:11322d8f1f3e6a43a7f5fee99fb3813b02fedb4450000aaf1a5ae17d1c359e14, cl-hash-util-20230808-43f6d36/cl-hash-util.asd
cl-hash-util-test, ghcr.io/ocicl/cl-hash-util@sha256:11322d8f1f3e6a43a7f5fee99fb3813b02fedb4450000aaf1a5ae17d1c359e14, cl-hash-util-20230808-43f6d36/cl-hash-util-test.asd
cl-semver, ghcr.io/ocicl/cl-semver@sha256:f772b901cdb8afeb66c981b74c6fe051b12802774bce649a6d7d1f1f8391c880, cl-semver-20230808-b125d2c/cl-semver.asd
cl-semver-test, ghcr.io/ocicl/cl-semver@sha256:f772b901cdb8afeb66c981b74c6fe051b12802774bce649a6d7d1f1f8391c880, cl-semver-20230808-b125d2c/cl-semver-test.asd
esrap, ghcr.io/ocicl/esrap@sha256:4aa76e2db6b685a9d946fe3458f1d84874c92956f4d6c997e9003d1b66d6b37c, esrap-20240130-f42e1ca/esrap.asd
trivial-with-current-source-form, ghcr.io/ocicl/trivial-with-current-source-form@sha256:2583c03be1eb84e832e44344985b8c182e237fbf1905514c0bbca27791430a8d, trivial-with-current-source-form-20230809-dc3fff9/trivial-with-current-source-form.asd
named-readtables, ghcr.io/ocicl/named-readtables@sha256:c13ae35d957cf55f8c877762a24537daee5e8322d9968b14f8c86e8cfc1b2df3, named-readtables-20230809-2c05652/named-readtables.asd
pathname-utils, ghcr.io/ocicl/pathname-utils@sha256:b902abfccbd8db55d55dbeb1dc794c0e895cbb78fbc6369c897f679565cc696c, pathname-utils-20231227-f28068a/pathname-utils.asd
pathname-utils-test, ghcr.io/ocicl/pathname-utils@sha256:b902abfccbd8db55d55dbeb1dc794c0e895cbb78fbc6369c897f679565cc696c, pathname-utils-20231227-f28068a/pathname-utils-test.asd
json-mop-tests, ghcr.io/ocicl/json-mop@sha256:b6ffb3f746a30e3296270b6df0e5cb3521f14296dcdcd198506c1ccf6be2125a, json-mop-20231010-4080855/tests/json-mop-tests.asd
json-mop, ghcr.io/ocicl/json-mop@sha256:b6ffb3f746a30e3296270b6df0e5cb3521f14296dcdcd198506c1ccf6be2125a, json-mop-20231010-4080855/json-mop.asd
yason, ghcr.io/ocicl/yason@sha256:52a0ea859bc50ca540cac9c9b42e841f31f06ead4bc30cfd200e6ed969186d71, yason-20230808-f4ad893/yason.asd
anaphora, ghcr.io/ocicl/anaphora@sha256:c2b52a9e421065fb16c4137e0890b289e3919608c26cd7cfa550469914bcf2de, anaphora-20230809-bcf0f74/anaphora.asd
skeleton, ghcr.io/ocicl/cl-project@sha256:f5b9754b72d92bd3bdbdabfcb5b2b591b944982846d3a70fbe810e7f33d6f5a7, cl-project-20230808-5468532/skeleton/skeleton.asd
cl-project, ghcr.io/ocicl/cl-project@sha256:f5b9754b72d92bd3bdbdabfcb5b2b591b944982846d3a70fbe810e7f33d6f5a7, cl-project-20230808-5468532/cl-project.asd
cl-project-test, ghcr.io/ocicl/cl-project@sha256:f5b9754b72d92bd3bdbdabfcb5b2b591b944982846d3a70fbe810e7f33d6f5a7, cl-project-20230808-5468532/cl-project-test.asd
cl-emb, ghcr.io/ocicl/cl-emb@sha256:c848b61056a7072cc475e6eb93f3dbd03459acac18db0847f16e62390ac40b88, cl-emb-20230809-fd86521/cl-emb.asd
prove, ghcr.io/ocicl/prove@sha256:c417a1de77ecaa4c36af78eb789b7c871ab5054a7761e74b207d0d1e122312dc, prove-20230808-5d71f02/prove.asd
prove-test, ghcr.io/ocicl/prove@sha256:c417a1de77ecaa4c36af78eb789b7c871ab5054a7761e74b207d0d1e122312dc, prove-20230808-5d71f02/prove-test.asd
prove-asdf, ghcr.io/ocicl/prove@sha256:c417a1de77ecaa4c36af78eb789b7c871ab5054a7761e74b207d0d1e122312dc, prove-20230808-5d71f02/prove-asdf.asd
cl-test-more, ghcr.io/ocicl/prove@sha256:c417a1de77ecaa4c36af78eb789b7c871ab5054a7761e74b207d0d1e122312dc, prove-20230808-5d71f02/cl-test-more.asd
cl-ansi-text.test, ghcr.io/ocicl/cl-ansi-text@sha256:247eee8416c406e00f7276db39a48aea95599ed70fa1331aef0efd9dd07f628e, cl-ansi-text-20230809-8b129d8/cl-ansi-text.test.asd
cl-ansi-text, ghcr.io/ocicl/cl-ansi-text@sha256:247eee8416c406e00f7276db39a48aea95599ed70fa1331aef0efd9dd07f628e, cl-ansi-text-20230809-8b129d8/cl-ansi-text.asd
cl-colors2, ghcr.io/ocicl/cl-colors2@sha256:ac080ad9219d5d62b4b54f685e0e6acf84e248a24b9ce330820ab42ee36aff64, cl-colors2-20230920-c3153b6/cl-colors2.asd
cl-colors, ghcr.io/ocicl/cl-colors@sha256:ca7d070043393d9ceae0e7dc38627818c3399277448e12150f3d28291f73cda5, cl-colors-20230808-8274105/cl-colors.asd
let-plus, ghcr.io/ocicl/let-plus@sha256:205c2f460331c61e12736fc8088caa8db91d8b343421519b26eac2f8a043f050, let-plus-20230809-455e657/let-plus.asd
listopia, ghcr.io/ocicl/listopia@sha256:5cbd69a240678d1871566ba3467e8ae75b78b0377a92735aac0898470e0c2301, listopia-20230808-2d2a1a3/listopia.asd
listopia-bench, ghcr.io/ocicl/listopia@sha256:5cbd69a240678d1871566ba3467e8ae75b78b0377a92735aac0898470e0c2301, listopia-20230808-2d2a1a3/listopia-bench.asd
serapeum, ghcr.io/ocicl/serapeum@sha256:ecfc5fdeffe5e8d376c59cf27977cbb55c72fed37de77945f2201d904b3babe2, serapeum-20240314-5943ca4/serapeum.asd
trivia.trivial, ghcr.io/ocicl/trivia@sha256:6e6d8a5d89c88ad7407615fdf9b225002532257894122a24928976191915dcdc, trivia-20230809-9e38bf2/trivia.trivial.asd
trivia.test, ghcr.io/ocicl/trivia@sha256:6e6d8a5d89c88ad7407615fdf9b225002532257894122a24928976191915dcdc, trivia-20230809-9e38bf2/trivia.test.asd
trivia.quasiquote, ghcr.io/ocicl/trivia@sha256:6e6d8a5d89c88ad7407615fdf9b225002532257894122a24928976191915dcdc, trivia-20230809-9e38bf2/trivia.quasiquote.asd
trivia.ppcre, ghcr.io/ocicl/trivia@sha256:6e6d8a5d89c88ad7407615fdf9b225002532257894122a24928976191915dcdc, trivia-20230809-9e38bf2/trivia.ppcre.asd
trivia.level2, ghcr.io/ocicl/trivia@sha256:6e6d8a5d89c88ad7407615fdf9b225002532257894122a24928976191915dcdc, trivia-20230809-9e38bf2/trivia.level2.asd
trivia.level1, ghcr.io/ocicl/trivia@sha256:6e6d8a5d89c88ad7407615fdf9b225002532257894122a24928976191915dcdc, trivia-20230809-9e38bf2/trivia.level1.asd
trivia.level0, ghcr.io/ocicl/trivia@sha256:6e6d8a5d89c88ad7407615fdf9b225002532257894122a24928976191915dcdc, trivia-20230809-9e38bf2/trivia.level0.asd
trivia.fset, ghcr.io/ocicl/trivia@sha256:6e6d8a5d89c88ad7407615fdf9b225002532257894122a24928976191915dcdc, trivia-20230809-9e38bf2/trivia.fset.asd
trivia.cffi, ghcr.io/ocicl/trivia@sha256:6e6d8a5d89c88ad7407615fdf9b225002532257894122a24928976191915dcdc, trivia-20230809-9e38bf2/trivia.cffi.asd
trivia.benchmark, ghcr.io/ocicl/trivia@sha256:6e6d8a5d89c88ad7407615fdf9b225002532257894122a24928976191915dcdc, trivia-20230809-9e38bf2/trivia.benchmark.asd
trivia.balland2006, ghcr.io/ocicl/trivia@sha256:6e6d8a5d89c88ad7407615fdf9b225002532257894122a24928976191915dcdc, trivia-20230809-9e38bf2/trivia.balland2006.asd
trivia, ghcr.io/ocicl/trivia@sha256:6e6d8a5d89c88ad7407615fdf9b225002532257894122a24928976191915dcdc, trivia-20230809-9e38bf2/trivia.asd
lisp-namespace.test, ghcr.io/ocicl/lisp-namespace@sha256:17948832536b89fbcdad68ff3248b87db3d040da37e34b6858d9e96a89552a8f, lisp-namespace-20230809-699fccb/lisp-namespace.test.asd
lisp-namespace, ghcr.io/ocicl/lisp-namespace@sha256:17948832536b89fbcdad68ff3248b87db3d040da37e34b6858d9e96a89552a8f, lisp-namespace-20230809-699fccb/lisp-namespace.asd
trivial-cltl2, ghcr.io/ocicl/trivial-cltl2@sha256:69470b4f6469314799074b9d944050dc4bcb67d5cbb2ba32c7a8899bb492f04e, trivial-cltl2-20230809-2ada872/trivial-cltl2.asd
type-i.test, ghcr.io/ocicl/type-i@sha256:04fe1b7e7c4a73336c35106d3c1cc37398884e1ae00459b40a7de62652258b14, type-i-20230809-4407a68/type-i.test.asd
type-i, ghcr.io/ocicl/type-i@sha256:04fe1b7e7c4a73336c35106d3c1cc37398884e1ae00459b40a7de62652258b14, type-i-20230809-4407a68/type-i.asd
introspect-environment, ghcr.io/ocicl/introspect-environment@sha256:583e60e813d613fa2fd0f3d6636b186899599cd8b96f31c8913180c708c54e60, introspect-environment-20230809-8fb20a1/introspect-environment.asd
introspect-environment-test, ghcr.io/ocicl/introspect-environment@sha256:583e60e813d613fa2fd0f3d6636b186899599cd8b96f31c8913180c708c54e60, introspect-environment-20230809-8fb20a1/introspect-environment-test.asd
trivial-backtrace, ghcr.io/ocicl/iterate@sha256:b605c6d0144892db02c4fc50094b4f854813b0daac54c840f15ba0e921283851, iterate-20231229-26cf129/ext/trivial-backtrace/trivial-backtrace.asd
trivial-backtrace-test, ghcr.io/ocicl/iterate@sha256:b605c6d0144892db02c4fc50094b4f854813b0daac54c840f15ba0e921283851, iterate-20231229-26cf129/ext/trivial-backtrace/trivial-backtrace-test.asd
rt, ghcr.io/ocicl/iterate@sha256:b605c6d0144892db02c4fc50094b4f854813b0daac54c840f15ba0e921283851, iterate-20231229-26cf129/ext/rt/rt.asd
fiveam, ghcr.io/ocicl/iterate@sha256:b605c6d0144892db02c4fc50094b4f854813b0daac54c840f15ba0e921283851, iterate-20231229-26cf129/ext/fiveam/fiveam.asd
net.didierverna.asdf-flv, ghcr.io/ocicl/iterate@sha256:b605c6d0144892db02c4fc50094b4f854813b0daac54c840f15ba0e921283851, iterate-20231229-26cf129/ext/asdf-flv/net.didierverna.asdf-flv.asd
alexandria-tests, ghcr.io/ocicl/iterate@sha256:b605c6d0144892db02c4fc50094b4f854813b0daac54c840f15ba0e921283851, iterate-20231229-26cf129/ext/alexandria/alexandria-tests.asd
iterate, ghcr.io/ocicl/iterate@sha256:b605c6d0144892db02c4fc50094b4f854813b0daac54c840f15ba0e921283851, iterate-20231229-26cf129/iterate.asd
string-case, ghcr.io/ocicl/string-case@sha256:b85976eb1ed108be6dab0b794874bbb7a6ed6c995ee61d0c601622a4a661338d, string-case-20230809-718c761/string-case.asd
parse-number, ghcr.io/ocicl/parse-number@sha256:e34a1d011d5ca13cd480f23526c901191feebb33400d3fb098c817aa23e0b81f, parse-number-20240228-cb9e487/parse-number.asd
parse-declarations-1.0, ghcr.io/ocicl/parse-declarations-1.0@sha256:3452e5e8c90fa8c444d2aa1437614bb652321b57660f14f14a87010995bdc091, parse-declarations-20230809-549aebb/parse-declarations-1.0.asd
trivial-file-size, ghcr.io/ocicl/trivial-file-size@sha256:ba08459abad44bb95583545985542be8fcec35bf69eca2e09d2061bd5053c445, trivial-file-size-20230809-77e98d9/trivial-file-size.asd
trivial-macroexpand-all, ghcr.io/ocicl/trivial-macroexpand-all@sha256:38e9be1017fea5432519a4ace2be0c4ea98a40a25c93b663fbf51cd856078e8f, trivial-macroexpand-all-20230809-933270a/trivial-macroexpand-all.asd
cl-json-pointer, ghcr.io/ocicl/cl-json-pointer@sha256:120bc1792295c32223c5bc303380ad4c566ad8ad73a1dd5b0d26d4bead96972a, cl-json-pointer-20230808-f6760e2/cl-json-pointer.asd
cl-json-pointer-test, ghcr.io/ocicl/cl-json-pointer@sha256:120bc1792295c32223c5bc303380ad4c566ad8ad73a1dd5b0d26d4bead96972a, cl-json-pointer-20230808-f6760e2/cl-json-pointer-test.asd
st-json, ghcr.io/ocicl/st-json@sha256:df1daf5346cc125207f7aae2805606c5136ef3c1bd3b0268e8abd5b6320f675d, ST-JSON-20230808-4a0025b/st-json.asd
moptilities, ghcr.io/ocicl/moptilities@sha256:36e843403222c6e3b6af6a7449d4f164dab59a77ca62a52721dacd0a7c4c70a9, moptilities-20230808-a436f16/moptilities.asd
moptilities-test, ghcr.io/ocicl/moptilities@sha256:36e843403222c6e3b6af6a7449d4f164dab59a77ca62a52721dacd0a7c4c70a9, moptilities-20230808-a436f16/moptilities-test.asd
parse-float, ghcr.io/ocicl/parse-float@sha256:ac97572fb76ce4512e43399ac40f8c7f56e75bcd86e2eb080d3cc501fe22e17c, parse-float-20230809-3074765/parse-float.asd
embeddings, ghcr.io/ocicl/embeddings@sha256:c96220a497dda748ff8244cbef4bdedd5561de7eaab8e936fe937d6b33e207ee, cl-embeddings-20240328-b0f4437/embeddings.asd
drakma, ghcr.io/ocicl/drakma@sha256:f97482f430605ffd6684a8ec58c5cd154e09cf1c36dc3d51ffe6da1c1dc6cad1, drakma-2.0.9/drakma.asd
drakma-test, ghcr.io/ocicl/drakma@sha256:f97482f430605ffd6684a8ec58c5cd154e09cf1c36dc3d51ffe6da1c1dc6cad1, drakma-2.0.9/drakma-test.asd
puri, ghcr.io/ocicl/puri@sha256:e1c8fdd23d2ecfa603ca591f799a8147df0b05a4fae33b1c779de337010b0a59, puri-4bbab9/puri.asd
cl-json, ghcr.io/ocicl/cl-json@sha256:d75461b4341199a996759751d0449b293733201e8189b4c7b6f3d6ce98f66b80, cl-json-20230809-6dfebb9/cl-json.asd
completions, ghcr.io/ocicl/completions@sha256:5cd331443a511c73f831da5c96ae653a237f894aa0122e3af94c5874b0a2772f, cl-completions-20240328-27f5c6a/completions.asd
